,Unnamed: 0,Unnamed: 0.1,retro_game_id,year,month,day,st_fl,regseason_fl,playoff_fl,game_type,game_type_des,local_game_time,game_id,home_team_id,away_team_id,home_team_lg,away_team_lg,interleague_fl,park_id,park_name,park_location,inning_number,bat_home_id,outs_ct,pit_mlbid,pit_first_name,pit_last_name,pit_box_name,pit_hand_cd,bat_mlbid,bat_first_name,bat_last_name,bat_box_name,bat_hand_cd,ab_number,start_bases,end_bases,event_outs_ct,pa_ball_ct,pa_strike_ct,pitch_seq,pa_terminal_fl,pa_event_cd,pitch_res,pitch_des,pitch_id,x,y,start_speed,end_speed,sz_top,sz_bot,pfx_x,pfx_z,px,pz,x0,y0,z0,vx0,vy0,vz0,ax,ay,az,break_y,break_angle,break_length,pitch_type,pitch_type_seq,type_confidence,zone,spin_dir,spin_rate,sv_id
813,534073,2352,TEX201608170,2016,8,17,F,T,F,R,Regular Season,19:05,448674,tex,oak,AL,AL,F,13,Globe Life Park in Arlington,"Arlington, TX",1,0,0,506433,Yu,Darvish,Darvish,R,424825,Coco,Crisp,Crisp,L,1,___,___,0,0,0,B,F,23,B,Ball,3,87.88,220.07,90.8,82.9,3.32,1.5,-2.32,14.43,0.764,0.693,-2.155,50.0,5.474,8.389,-132.485,-11.171,-4.079,30.805,-6.7,23.7,13.3,2.2,FF,FF,0.9009999999999999,14.0,189.095,2825.0759999999996,160817_191724
814,534074,2353,TEX201608170,2016,8,17,F,T,F,R,Regular Season,19:05,448674,tex,oak,AL,AL,F,13,Globe Life Park in Arlington,"Arlington, TX",1,0,0,506433,Yu,Darvish,Darvish,R,424825,Coco,Crisp,Crisp,L,1,___,___,0,1,0,BX,T,23,X,"In play, run(s)",4,121.23,146.9,89.9,83.2,3.32,1.5,-4.26,11.6,-0.111,3.403,-2.21,50.0,5.644,6.916,-131.643,-3.623,-7.526,25.923000000000002,-11.585,23.8,26.7,3.2,FF,FF|FF,0.904,11.0,200.078,2415.865,160817_191740
815,534075,2354,TEX201608170,2016,8,17,F,T,F,R,Regular Season,19:05,448674,tex,oak,AL,AL,F,13,Globe Life Park in Arlington,"Arlington, TX",1,0,0,506433,Yu,Darvish,Darvish,R,502143,Danny,Valencia,Valencia,R,2,___,___,1,0,0,S,F,3,S,Called Strike,9,96.15,177.06,91.3,84.1,3.45,1.64,-1.82,11.23,0.547,2.286,-2.253,50.0,5.586,8.005,-133.549,-6.459,-3.285,28.837,-11.822000000000001,23.8,6.9,3.0,FF,FF,0.903,6.0,189.167,2239.513,160817_191828
816,534076,2355,TEX201608170,2016,8,17,F,T,F,R,Regular Season,19:05,448674,tex,oak,AL,AL,F,13,Globe Life Park in Arlington,"Arlington, TX",1,0,0,506433,Yu,Darvish,Darvish,R,502143,Danny,Valencia,Valencia,R,2,___,___,1,0,1,SB,F,3,B,Ball,10,205.89,151.95,90.2,83.0,3.44,1.53,-8.35,8.23,-2.332,3.216,-2.34,50.0,5.7379999999999995,2.8480000000000003,-132.219,-3.214,-14.754000000000001,28.581999999999997,-17.549,23.8,37.8,5.3,FT,FF|FT,0.897,11.0,225.25099999999998,2279.474,160817_191846
817,534077,2356,TEX201608170,2016,8,17,F,T,F,R,Regular Season,19:05,448674,tex,oak,AL,AL,F,13,Globe Life Park in Arlington,"Arlington, TX",1,0,0,506433,Yu,Darvish,Darvish,R,502143,Danny,Valencia,Valencia,R,2,___,___,1,1,1,SBB,F,3,B,Ball,11,107.39,146.17,78.4,71.6,3.36,1.39,8.73,-2.43,0.252,3.43,-2.489,50.0,5.789,3.6239999999999997,-114.931,2.529,11.458,25.127,-35.286,23.7,-19.3,11.4,SL,FF|FT|SL,0.894,12.0,74.805,1498.749,160817_191908
818,534078,2357,TEX201608170,2016,8,17,F,T,F,R,Regular Season,19:05,448674,tex,oak,AL,AL,F,13,Globe Life Park in Arlington,"Arlington, TX",1,0,0,506433,Yu,Darvish,Darvish,R,502143,Danny,Valencia,Valencia,R,2,___,___,1,2,1,SBBB,F,3,B,Ball,12,141.81,219.83,78.0,71.7,3.42,1.64,11.72,-3.49,-0.6509999999999999,0.7020000000000001,-2.5540000000000003,50.0,5.51,0.863,-114.40799999999999,-2.582,15.203,25.29300000000001,-36.626999999999995,23.8,-22.4,12.6,SL,FF|FT|SL|SL,0.903,13.0,73.67399999999998,2008.854,160817_191930
819,534079,2358,TEX201608170,2016,8,17,F,T,F,R,Regular Season,19:05,448674,tex,oak,AL,AL,F,13,Globe Life Park in Arlington,"Arlington, TX",1,0,0,506433,Yu,Darvish,Darvish,R,502143,Danny,Valencia,Valencia,R,2,___,___,1,3,1,SBBBS,F,3,S,Called Strike,13,102.78,195.34,92.4,85.8,3.57,1.64,-0.87,11.47,0.373,1.609,-2.335,50.0,5.33,7.548999999999999,-135.031,-7.9579999999999975,-1.626,26.74,-10.727,23.8,0.9,2.7,FF,FF|FT|SL|SL|FF,0.9009999999999999,14.0,184.334,2310.893,160817_191957
820,534080,2359,TEX201608170,2016,8,17,F,T,F,R,Regular Season,19:05,448674,tex,oak,AL,AL,F,13,Globe Life Park in Arlington,"Arlington, TX",1,0,0,506433,Yu,Darvish,Darvish,R,502143,Danny,Valencia,Valencia,R,2,___,___,1,3,2,SBBBSS,T,3,S,Called Strike,14,95.96,193.2,94.1,86.6,3.47,1.64,-0.55,11.97,0.552,1.6880000000000002,-2.248,50.0,5.2970000000000015,7.7920000000000025,-137.496,-8.109,-1.045,30.389,-9.169,23.8,-3.3,2.3,FF,FF|FT|SL|SL|FF|FF,0.8959999999999999,9.0,182.59900000000002,2429.864,160817_192027
821,534081,2360,TEX201608170,2016,8,17,F,T,F,R,Regular Season,19:05,448674,tex,oak,AL,AL,F,13,Globe Life Park in Arlington,"Arlington, TX",1,0,1,506433,Yu,Darvish,Darvish,R,519390,Stephen,Vogt,Vogt,L,3,___,___,2,0,0,B,F,2,B,Ball,18,122.26,248.31,71.4,66.6,3.34,1.49,6.43,-8.15,-0.138,-0.353,-2.215,50.0,5.678999999999999,2.555,-104.656,-2.405,7.026,20.033,-41.005,23.9,-10.0,15.6,CU,CU,0.885,13.0,38.505,1564.371,160817_192115
822,534082,2361,TEX201608170,2016,8,17,F,T,F,R,Regular Season,19:05,448674,tex,oak,AL,AL,F,13,Globe Life Park in Arlington,"Arlington, TX",1,0,1,506433,Yu,Darvish,Darvish,R,519390,Stephen,Vogt,Vogt,L,3,___,___,2,1,0,BS,F,2,S,Foul,19,96.49,186.97,92.3,86.0,3.34,1.49,-2.97,11.87,0.5379999999999999,1.919,-2.365,50.0,5.353,8.812999999999997,-134.891,-7.349,-5.557,25.38,-9.918,23.9,19.3,2.6,FF,CU|FF,0.904,9.0,194.018,2467.1679999999997,160817_192135
823,534083,2362,TEX201608170,2016,8,17,F,T,F,R,Regular Season,19:05,448674,tex,oak,AL,AL,F,13,Globe Life Park in Arlington,"Arlington, TX",1,0,1,506433,Yu,Darvish,Darvish,R,519390,Stephen,Vogt,Vogt,L,3,___,___,2,1,1,BSX,T,2,X,"In play, out(s)",20,120.77,173.39,78.2,72.5,3.34,1.49,11.05,-3.72,-0.099,2.4219999999999997,-2.542,50.0,5.702999999999999,2.282,-114.714,0.782,14.639000000000001,22.307,-37.033,23.8,-22.1,12.2,SL,CU|FF|SL,0.905,5.0,71.637,1950.7079999999999,160817_192205
824,534084,2363,TEX201608170,2016,8,17,F,T,F,R,Regular Season,19:05,448674,tex,oak,AL,AL,F,13,Globe Life Park in Arlington,"Arlington, TX",1,0,2,506433,Yu,Darvish,Darvish,R,501981,Khris,Davis,"Davis, K",R,4,___,1__,2,0,0,B,F,14,B,Ball,24,147.53,206.49,93.5,87.6,3.57,1.61,-7.43,6.39,-0.8009999999999999,1.196,-2.291,50.0,5.584,6.684,-136.687,-8.29,-14.317,25.063000000000002,-19.785,23.9,31.8,5.2,FT,FT,0.898,13.0,229.128,2009.545,160817_192251
825,534085,2364,TEX201608170,2016,8,17,F,T,F,R,Regular Season,19:05,448674,tex,oak,AL,AL,F,13,Globe Life Park in Arlington,"Arlington, TX",1,0,2,506433,Yu,Darvish,Darvish,R,501981,Khris,Davis,"Davis, K",R,4,___,1__,2,1,0,BS,F,14,S,Foul,25,152.07,187.16,93.7,86.8,3.57,1.61,-9.01,7.0,-0.92,1.912,-2.38,50.0,5.471,7.143,-137.154,-6.218999999999999,-17.259,28.655,-18.682000000000002,23.8,38.4,5.4,FT,FT|FT,0.898,13.0,231.983,2317.2470000000008,160817_192313
826,534086,2365,TEX201608170,2016,8,17,F,T,F,R,Regular Season,19:05,448674,tex,oak,AL,AL,F,13,Globe Life Park in Arlington,"Arlington, TX",1,0,2,506433,Yu,Darvish,Darvish,R,501981,Khris,Davis,"Davis, K",R,4,___,1__,2,1,1,BSB,F,14,B,Ball,26,143.57,211.62,92.6,86.2,3.57,1.61,-7.26,9.81,-0.6970000000000001,1.006,-2.27,50.0,5.461,6.761,-135.321,-9.42,-13.626,25.975,-13.677,23.9,38.7,4.3,FT,FT|FT|FT,0.9009999999999999,13.0,216.37599999999998,2463.0570000000002,160817_192344
827,534087,2366,TEX201608170,2016,8,17,F,T,F,R,Regular Season,19:05,448674,tex,oak,AL,AL,F,13,Globe Life Park in Arlington,"Arlington, TX",1,0,2,506433,Yu,Darvish,Darvish,R,501981,Khris,Davis,"Davis, K",R,4,___,1__,2,2,1,BSBB,F,14,B,Ball,27,151.0,133.67,93.0,86.1,3.45,1.61,-1.1,8.96,-0.892,3.8930000000000002,-2.475,50.0,5.5429999999999975,4.654,-136.238,-1.649,-2.076,27.733,-15.125,23.8,4.2,3.3,FF,FT|FT|FT|FF,0.9,11.0,186.94099999999997,1828.9379999999999,160817_192405
828,534088,2367,TEX201608170,2016,8,17,F,T,F,R,Regular Season,19:05,448674,tex,oak,AL,AL,F,13,Globe Life Park in Arlington,"Arlington, TX",1,0,2,506433,Yu,Darvish,Darvish,R,501981,Khris,Davis,"Davis, K",R,4,___,1__,2,3,1,BSBBS,F,14,S,Foul,28,109.61,162.53,93.1,86.3,3.57,1.61,-2.15,10.59,0.19399999999999998,2.824,-2.371,50.0,5.385,7.6789999999999985,-136.24,-4.689,-4.073,27.342,-12.019,23.8,11.2,2.8,FF,FT|FT|FT|FF|FF,0.902,5.0,191.423,2189.636,160817_192427
829,534089,2368,TEX201608170,2016,8,17,F,T,F,R,Regular Season,19:05,448674,tex,oak,AL,AL,F,13,Globe Life Park in Arlington,"Arlington, TX",1,0,2,506433,Yu,Darvish,Darvish,R,501981,Khris,Davis,"Davis, K",R,4,___,1__,2,3,2,BSBBSB,T,14,B,Ball,29,172.8,171.42,94.3,86.7,3.58,1.61,-3.53,11.61,-1.464,2.495,-2.553,50.0,5.309,4.218,-138.166,-5.895,-6.807,31.178,-9.679,23.8,28.1,2.6,FF,FT|FT|FT|FF|FF|FF,0.902,13.0,196.834,2467.813,160817_192500
830,534090,2369,TEX201608170,2016,8,17,F,T,F,R,Regular Season,19:05,448674,tex,oak,AL,AL,F,13,Globe Life Park in Arlington,"Arlington, TX",1,0,2,506433,Yu,Darvish,Darvish,R,475174,Yonder,Alonso,Alonso,L,5,1__,___,3,0,0,B,F,2,B,Ball,33,80.18,174.57,92.1,84.4,3.26,1.47,-1.69,11.3,0.966,2.378,-2.147,50.0,5.43,8.839,-134.65200000000002,-5.938,-3.089,30.563000000000002,-11.463,23.8,5.1,2.9,FF,FF,0.9,12.0,188.481,2256.15,160817_192538
831,534091,2370,TEX201608170,2016,8,17,F,T,F,R,Regular Season,19:05,448674,tex,oak,AL,AL,F,13,Globe Life Park in Arlington,"Arlington, TX",1,0,2,506433,Yu,Darvish,Darvish,R,475174,Yonder,Alonso,Alonso,L,5,1__,___,3,1,0,BS,F,2,S,Foul,34,111.74,163.26,92.1,84.6,3.33,1.47,-1.65,12.94,0.138,2.7969999999999997,-2.513,50.0,5.3839999999999995,7.6179999999999986,-134.743,-5.312,-3.031,29.541999999999998,-8.334,23.8,8.3,2.1,FF,FF|FF,0.898,2.0,187.24400000000003,2587.5229999999997,160817_192603
832,534092,2371,TEX201608170,2016,8,17,F,T,F,R,Regular Season,19:05,448674,tex,oak,AL,AL,F,13,Globe Life Park in Arlington,"Arlington, TX",1,0,2,506433,Yu,Darvish,Darvish,R,475174,Yonder,Alonso,Alonso,L,5,1__,___,3,1,1,BSX,T,2,X,"In play, out(s)",35,121.96,157.13,93.1,86.2,3.33,1.47,-3.95,10.89,-0.13,3.0239999999999996,-2.354,50.0,5.475,7.39,-136.245,-4.498,-7.481,27.491,-11.446,23.8,26.0,2.9,FF,FF|FF|FF,0.912,2.0,199.84400000000002,2346.5389999999998,160817_192642
833,534113,2392,TEX201608170,2016,8,17,F,T,F,R,Regular Season,19:05,448674,tex,oak,AL,AL,F,13,Globe Life Park in Arlington,"Arlington, TX",2,0,0,506433,Yu,Darvish,Darvish,R,543760,Marcus,Semien,Semien,R,10,___,___,1,0,0,S,F,2,S,Foul,78,136.02,173.09,89.2,82.0,3.46,1.61,-1.19,13.45,-0.499,2.4330000000000003,-2.327,50.0,5.77,5.1080000000000005,-130.532,-6.867000000000001,-2.048,27.697,-8.908999999999997,23.8,5.5,2.4,FF,FF,0.9159999999999999,4.0,185.02900000000002,2595.76,160817_194048
834,534114,2393,TEX201608170,2016,8,17,F,T,F,R,Regular Season,19:05,448674,tex,oak,AL,AL,F,13,Globe Life Park in Arlington,"Arlington, TX",2,0,0,506433,Yu,Darvish,Darvish,R,543760,Marcus,Semien,Semien,R,10,___,___,1,0,1,SX,T,2,X,"In play, out(s)",79,116.92,158.02,76.8,70.8,3.46,1.61,7.76,-4.02,0.002,2.991,-2.396,50.0,6.022,3.08,-112.52600000000001,1.7,9.849,22.256999999999998,-37.201,23.8,-15.7,12.3,SL,FF|SL,0.8340000000000001,2.0,62.958999999999996,1425.6589999999999,160817_194118
835,534115,2394,TEX201608170,2016,8,17,F,T,F,R,Regular Season,19:05,448674,tex,oak,AL,AL,F,13,Globe Life Park in Arlington,"Arlington, TX",2,0,1,506433,Yu,Darvish,Darvish,R,592387,Ryon,Healy,"Healy, R",R,11,___,1__,1,0,0,B,F,20,B,Ball,83,140.25,200.47,90.9,83.5,3.37,1.46,-4.04,12.67,-0.61,1.419,-2.237,50.0,5.6560000000000015,5.638999999999999,-132.80700000000002,-9.289,-7.21,28.81,-9.5,23.8,27.7,3.0,FF,FF,0.898,13.0,197.638,2599.116,160817_194204
836,534116,2395,TEX201608170,2016,8,17,F,T,F,R,Regular Season,19:05,448674,tex,oak,AL,AL,F,13,Globe Life Park in Arlington,"Arlington, TX",2,0,1,506433,Yu,Darvish,Darvish,R,592387,Ryon,Healy,"Healy, R",R,11,___,1__,1,1,0,BS,F,20,S,Called Strike,84,133.73,182.51,78.4,72.9,3.4,1.46,7.63,-2.88,-0.439,2.084,-2.456,50.0,5.852,2.326,-114.92299999999999,-0.616,10.187000000000001,21.673000000000002,-35.94300000000001,23.8,-16.3,11.4,SL,FF|SL,0.87,7.0,69.696,1371.1979999999999,160817_194221
837,534117,2396,TEX201608170,2016,8,17,F,T,F,R,Regular Season,19:05,448674,tex,oak,AL,AL,F,13,Globe Life Park in Arlington,"Arlington, TX",2,0,1,506433,Yu,Darvish,Darvish,R,592387,Ryon,Healy,"Healy, R",R,11,___,1__,1,1,1,BSS,F,20,S,Swinging Strike,85,78.96,191.94,80.6,75.3,3.51,1.63,9.34,-1.74,0.998,1.735,-2.376,50.0,5.7079999999999975,5.041,-118.04899999999999,-1.857,13.199000000000002,22.081,-34.563,23.9,-21.8,10.8,SL,FF|SL|SL,0.902,14.0,79.74,1648.469,160817_194241
838,534118,2397,TEX201608170,2016,8,17,F,T,F,R,Regular Season,19:05,448674,tex,oak,AL,AL,F,13,Globe Life Park in Arlington,"Arlington, TX",2,0,1,506433,Yu,Darvish,Darvish,R,592387,Ryon,Healy,"Healy, R",R,11,___,1__,1,1,2,BSSB,F,20,B,Ball,86,105.72,225.82,95.7,88.5,3.43,1.53,-6.62,15.3,0.29600000000000004,0.48,-2.121,50.0,5.412000000000001,9.055,-139.438,-13.315999999999999,-13.142000000000001,28.851999999999997,-1.7209999999999999,23.8,68.5,2.5,FT,FF|SL|SL|FT,0.9079999999999999,14.0,203.34099999999998,3450.934,160817_194306
839,534119,2398,TEX201608170,2016,8,17,F,T,F,R,Regular Season,19:05,448674,tex,oak,AL,AL,F,13,Globe Life Park in Arlington,"Arlington, TX",2,0,1,506433,Yu,Darvish,Darvish,R,592387,Ryon,Healy,"Healy, R",R,11,___,1__,1,2,2,BSSBX,T,20,X,"In play, no out",87,124.51,164.1,79.0,72.9,3.51,1.63,9.53,-5.18,-0.19699999999999998,2.766,-2.575,50.0,5.795,2.5989999999999998,-115.868,1.6780000000000002,12.822000000000001,23.831999999999997,-39.069,23.8,-18.9,12.4,SL,FF|SL|SL|FT|SL,0.9059999999999999,5.0,61.73,1822.846,160817_194336
840,534120,2399,TEX201608170,2016,8,17,F,T,F,R,Regular Season,19:05,448674,tex,oak,AL,AL,F,13,Globe Life Park in Arlington,"Arlington, TX",2,0,1,506433,Yu,Darvish,Darvish,R,519295,Jake,Smolinski,Smolinski,R,12,1__,___,3,0,0,S,F,2,S,Foul,91,135.94,171.96,91.7,85.9,3.47,1.54,-7.93,7.6,-0.4970000000000001,2.475,-2.197,50.0,5.609,7.303,-134.235,-5.015,-14.754000000000001,23.612,-17.949,23.9,35.7,5.0,FT,FT,0.898,4.0,226.045,2215.018,160817_194420
841,534121,2400,TEX201608170,2016,8,17,F,T,F,R,Regular Season,19:05,448674,tex,oak,AL,AL,F,13,Globe Life Park in Arlington,"Arlington, TX",2,0,1,506433,Yu,Darvish,Darvish,R,519295,Jake,Smolinski,Smolinski,R,12,1__,___,3,0,1,SX,T,2,X,"In play, out(s)",92,123.75,204.6,92.0,85.5,3.47,1.54,-7.4,9.21,-0.177,1.266,-2.194,50.0,5.4460000000000015,7.944,-134.514,-8.322000000000001,-13.686,26.469,-15.05,23.8,36.2,4.5,FT,FT|FT,0.9,13.0,218.632,2364.278,160817_194457
842,534142,2421,TEX201608170,2016,8,17,F,T,F,R,Regular Season,19:05,448674,tex,oak,AL,AL,F,13,Globe Life Park in Arlington,"Arlington, TX",3,0,0,506433,Yu,Darvish,Darvish,R,571970,Max,Muncy,Muncy,L,18,___,___,1,0,0,B,F,3,B,Ball,139,103.01,200.52,89.5,83.6,3.42,1.6,-2.97,11.46,0.3670000000000001,1.4169999999999998,-2.061,50.0,5.734,7.315,-130.733,-8.925,-5.233,23.254,-11.927999999999999,23.9,16.5,3.2,FF,FF,0.898,14.0,194.49099999999999,2320.594,160817_195913
843,534143,2422,TEX201608170,2016,8,17,F,T,F,R,Regular Season,19:05,448674,tex,oak,AL,AL,F,13,Globe Life Park in Arlington,"Arlington, TX",3,0,0,506433,Yu,Darvish,Darvish,R,571970,Max,Muncy,Muncy,L,18,___,___,1,1,0,BS,F,3,S,Called Strike,140,143.83,159.4,89.9,84.3,3.45,1.6,-2.94,11.05,-0.7040000000000001,2.94,-2.234,50.0,5.665,5.019,-131.72,-4.811,-5.271,22.316999999999997,-12.267000000000001,23.9,18.8,3.1,FF,FF|FF,0.9129999999999999,1.0,194.829,2268.143,160817_195928
844,534144,2423,TEX201608170,2016,8,17,F,T,F,R,Regular Season,19:05,448674,tex,oak,AL,AL,F,13,Globe Life Park in Arlington,"Arlington, TX",3,0,0,506433,Yu,Darvish,Darvish,R,571970,Max,Muncy,Muncy,L,18,___,___,1,1,1,BSS,F,3,S,Swinging Strike,141,103.2,182.24,87.8,82.1,3.45,1.6,2.75,4.71,0.36200000000000004,2.094,-2.355,50.0,5.745,6.015,-128.612,-4.586,4.666,23.84800000000001,-24.124000000000002,23.9,-12.8,6.1,FC,FF|FF|FC,0.894,9.0,149.904,1049.578,160817_195950
845,534145,2424,TEX201608170,2016,8,17,F,T,F,R,Regular Season,19:05,448674,tex,oak,AL,AL,F,13,Globe Life Park in Arlington,"Arlington, TX",3,0,0,506433,Yu,Darvish,Darvish,R,571970,Max,Muncy,Muncy,L,18,___,___,1,1,2,BSSS,T,3,S,Swinging Strike,142,117.65,189.4,88.6,82.4,3.45,1.6,3.61,5.43,-0.017,1.829,-2.261,50.0,5.71,4.561,-129.815,-5.5310000000000015,6.186,25.785,-22.789,23.8,-16.4,5.9,FC,FF|FF|FC|FC,0.905,8.0,146.611,1256.192,160817_200010
846,534146,2425,TEX201608170,2016,8,17,F,T,F,R,Regular Season,19:05,448674,tex,oak,AL,AL,F,13,Globe Life Park in Arlington,"Arlington, TX",3,0,1,506433,Yu,Darvish,Darvish,R,424825,Coco,Crisp,Crisp,L,19,___,___,2,0,0,B,F,3,B,Ball,146,120.74,204.9,87.6,82.7,3.32,1.5,2.79,4.6,-0.098,1.255,-2.273,50.0,5.647,4.628,-128.226,-6.472,4.744,20.897,-24.276,23.9,-12.1,6.1,FC,FC,0.882,13.0,149.01,1042.411,160817_200100
847,534147,2426,TEX201608170,2016,8,17,F,T,F,R,Regular Season,19:05,448674,tex,oak,AL,AL,F,13,Globe Life Park in Arlington,"Arlington, TX",3,0,1,506433,Yu,Darvish,Darvish,R,424825,Coco,Crisp,Crisp,L,19,___,___,2,1,0,BS,F,3,S,Foul,147,145.05,168.23,87.0,81.7,3.32,1.5,-7.25,6.0,-0.736,2.613,-2.155,50.0,5.735,6.006,-127.432,-3.589,-12.192,20.735,-22.022,23.9,26.5,6.1,FS,FC|FS,0.899,11.0,230.21599999999998,1806.226,160817_200119
848,534148,2427,TEX201608170,2016,8,17,F,T,F,R,Regular Season,19:05,448674,tex,oak,AL,AL,F,13,Globe Life Park in Arlington,"Arlington, TX",3,0,1,506433,Yu,Darvish,Darvish,R,424825,Coco,Crisp,Crisp,L,19,___,___,2,1,1,BSS,F,3,S,Foul,148,111.43,181.49,80.2,75.3,3.32,1.5,9.85,-1.25,0.146,2.122,-2.39,50.0,5.785,2.9219999999999997,-117.523,-1.268,13.922,20.124000000000002,-33.866,23.9,-22.8,10.6,SL,FC|FS|SL,0.902,5.0,83.07,1731.27,160817_200142
849,534149,2428,TEX201608170,2016,8,17,F,T,F,R,Regular Season,19:05,448674,tex,oak,AL,AL,F,13,Globe Life Park in Arlington,"Arlington, TX",3,0,1,506433,Yu,Darvish,Darvish,R,424825,Coco,Crisp,Crisp,L,19,___,___,2,1,2,BSSS,T,3,S,Swinging Strike (Blocked),149,90.05,210.16,68.6,64.4,3.32,1.5,5.98,-9.68,0.7070000000000001,1.06,-1.811,50.0,5.777,3.4530000000000003,-100.54700000000001,1.24,6.099,16.872,-41.973,23.9,-8.8,16.8,CU,FC|FS|SL|CU,0.897,14.0,31.897,1665.386,160817_200221
850,534150,2429,TEX201608170,2016,8,17,F,T,F,R,Regular Season,19:05,448674,tex,oak,AL,AL,F,13,Globe Life Park in Arlington,"Arlington, TX",3,0,2,506433,Yu,Darvish,Darvish,R,502143,Danny,Valencia,Valencia,R,20,___,1__,2,0,0,S,F,20,S,Swinging Strike,153,131.83,184.73,93.7,86.5,3.59,1.64,-9.28,7.42,-0.389,2.002,-2.247,50.0,5.718,8.295,-136.975,-6.744,-17.68,29.459,-17.959,23.8,39.5,5.3,FT,FT,0.898,7.0,231.199,2402.7929999999997,160817_200301
851,534151,2430,TEX201608170,2016,8,17,F,T,F,R,Regular Season,19:05,448674,tex,oak,AL,AL,F,13,Globe Life Park in Arlington,"Arlington, TX",3,0,2,506433,Yu,Darvish,Darvish,R,502143,Danny,Valencia,Valencia,R,20,___,1__,2,0,1,SS,F,20,S,Swinging Strike,154,93.52,201.3,89.0,83.1,3.59,1.64,2.24,3.31,0.616,1.3880000000000001,-2.471,50.0,5.69,7.213999999999999,-130.15,-5.985,3.875,24.908,-26.377,23.9,-10.5,6.5,FC,FT|FC,0.9009999999999999,14.0,146.24,777.265,160817_200326
852,534152,2431,TEX201608170,2016,8,17,F,T,F,R,Regular Season,19:05,448674,tex,oak,AL,AL,F,13,Globe Life Park in Arlington,"Arlington, TX",3,0,2,506433,Yu,Darvish,Darvish,R,502143,Danny,Valencia,Valencia,R,20,___,1__,2,0,2,SSB,F,20,B,Ball,155,77.51,191.83,95.9,89.1,3.59,1.64,-2.41,13.18,1.036,1.739,-2.2159999999999997,50.0,5.461,9.906,-140.00799999999998,-9.33,-4.85,27.969,-5.617999999999999,23.8,21.3,1.6,FF,FT|FC|FF,0.899,14.0,190.34799999999998,2797.285,160817_200345
853,534153,2432,TEX201608170,2016,8,17,F,T,F,R,Regular Season,19:05,448674,tex,oak,AL,AL,F,13,Globe Life Park in Arlington,"Arlington, TX",3,0,2,506433,Yu,Darvish,Darvish,R,502143,Danny,Valencia,Valencia,R,20,___,1__,2,1,2,SSBX,T,20,X,"In play, no out",156,101.33,170.15,89.7,83.6,3.59,1.64,4.5,2.62,0.41100000000000003,2.542,-2.388,50.0,5.818,5.763,-131.34799999999998,-3.2489999999999997,7.9270000000000005,25.482,-27.478,23.9,-17.6,6.8,FC,FT|FC|FF|FC,0.902,6.0,120.64299999999999,1017.669,160817_200412
854,534154,2433,TEX201608170,2016,8,17,F,T,F,R,Regular Season,19:05,448674,tex,oak,AL,AL,F,13,Globe Life Park in Arlington,"Arlington, TX",3,0,2,506433,Yu,Darvish,Darvish,R,519390,Stephen,Vogt,Vogt,L,21,1__,12_,2,0,0,S,F,20,S,Called Strike,160,126.87,173.55,91.6,85.0,3.18,1.49,-6.21,7.26,-0.259,2.416,-2.18,50.0,5.691,7.247000000000001,-134.10299999999998,-5.162999999999999,-11.397,26.915,-18.784000000000002,23.8,26.8,4.9,FT,FT,0.902,4.0,220.40200000000002,1902.269,160817_200457
855,534155,2434,TEX201608170,2016,8,17,F,T,F,R,Regular Season,19:05,448674,tex,oak,AL,AL,F,13,Globe Life Park in Arlington,"Arlington, TX",3,0,2,506433,Yu,Darvish,Darvish,R,519390,Stephen,Vogt,Vogt,L,21,1__,12_,2,0,1,SX,T,20,X,"In play, no out",161,105.79,163.96,94.1,88.0,3.34,1.49,-1.17,10.59,0.294,2.7710000000000004,-2.177,50.0,5.685,7.19,-137.665,-5.9110000000000005,-2.291,24.893,-11.368,23.9,4.7,2.6,FF,FT|FF,0.9,3.0,186.282,2205.8920000000007,160817_200519
856,534156,2435,TEX201608170,2016,8,17,F,T,F,R,Regular Season,19:05,448674,tex,oak,AL,AL,F,13,Globe Life Park in Arlington,"Arlington, TX",3,0,2,506433,Yu,Darvish,Darvish,R,501981,Khris,Davis,"Davis, K",R,22,12_,___,3,0,0,S,F,2,S,Foul,166,139.03,188.24,94.1,87.6,3.57,1.61,-6.29,8.57,-0.578,1.8719999999999999,-2.278,50.0,5.563,6.8770000000000024,-137.65,-7.2520000000000024,-12.212,27.049,-15.453,23.9,32.9,4.2,FT,FT,0.9009999999999999,7.0,216.141,2182.304,160817_200608
857,534157,2436,TEX201608170,2016,8,17,F,T,F,R,Regular Season,19:05,448674,tex,oak,AL,AL,F,13,Globe Life Park in Arlington,"Arlington, TX",3,0,2,506433,Yu,Darvish,Darvish,R,501981,Khris,Davis,"Davis, K",R,22,12_,___,3,0,1,SB,F,2,B,Ball,167,210.96,192.66,93.4,85.5,3.63,1.61,-8.69,8.48,-2.465,1.7080000000000002,-2.435,50.0,5.51,2.951,-136.721,-7.22,-16.319000000000006,32.417,-16.179000000000002,23.8,41.2,5.1,FT,FT|FT,0.899,13.0,225.574,2424.736,160817_200646
858,534158,2437,TEX201608170,2016,8,17,F,T,F,R,Regular Season,19:05,448674,tex,oak,AL,AL,F,13,Globe Life Park in Arlington,"Arlington, TX",3,0,2,506433,Yu,Darvish,Darvish,R,501981,Khris,Davis,"Davis, K",R,22,12_,___,3,1,1,SBS,F,2,S,Swinging Strike,168,90.47,182.54,94.2,87.0,3.57,1.61,-1.61,11.65,0.696,2.083,-2.267,50.0,5.484,8.639,-137.71,-7.4929999999999986,-3.108,29.436,-9.637,23.8,6.6,2.4,FF,FT|FT|FF,0.897,9.0,187.85,2396.756,160817_200720
859,534159,2438,TEX201608170,2016,8,17,F,T,F,R,Regular Season,19:05,448674,tex,oak,AL,AL,F,13,Globe Life Park in Arlington,"Arlington, TX",3,0,2,506433,Yu,Darvish,Darvish,R,501981,Khris,Davis,"Davis, K",R,22,12_,___,3,1,2,SBSX,T,2,X,"In play, out(s)",169,133.31,172.77,82.3,77.6,3.57,1.61,7.23,-1.36,-0.428,2.445,-2.69,50.0,5.6960000000000015,3.167,-120.65100000000001,-0.688,10.847999999999999,19.49,-34.148,23.9,-18.2,9.7,SL,FT|FT|FF|SL,0.878,4.0,79.687,1325.851,160817_200818
860,534176,2455,TEX201608170,2016,8,17,F,T,F,R,Regular Season,19:05,448674,tex,oak,AL,AL,F,13,Globe Life Park in Arlington,"Arlington, TX",4,0,0,506433,Yu,Darvish,Darvish,R,475174,Yonder,Alonso,Alonso,L,26,___,___,1,0,0,B,F,2,B,Ball,201,51.78,175.82,69.3,64.1,3.21,1.47,6.46,-8.54,1.7109999999999999,2.332,-2.101,50.0,6.351,5.916,-101.43,2.281,6.61,19.256,-40.841,23.8,-10.5,16.3,CU,CU,0.8909999999999999,14.0,37.33,1559.0510000000006,160817_201855
861,534177,2456,TEX201608170,2016,8,17,F,T,F,R,Regular Season,19:05,448674,tex,oak,AL,AL,F,13,Globe Life Park in Arlington,"Arlington, TX",4,0,0,506433,Yu,Darvish,Darvish,R,475174,Yonder,Alonso,Alonso,L,26,___,___,1,1,0,BS,F,2,S,Foul,202,135.18,161.43,90.1,83.9,3.33,1.47,-0.77,11.14,-0.47700000000000004,2.865,-2.362,50.0,5.739,5.199,-131.955,-5.195,-1.3719999999999999,24.73,-12.208,23.9,1.9,3.0,FF,CU|FF,0.9159999999999999,1.0,183.929,2200.343,160817_201912
862,534178,2457,TEX201608170,2016,8,17,F,T,F,R,Regular Season,19:05,448674,tex,oak,AL,AL,F,13,Globe Life Park in Arlington,"Arlington, TX",4,0,0,506433,Yu,Darvish,Darvish,R,475174,Yonder,Alonso,Alonso,L,26,___,___,1,1,1,BSX,T,2,X,"In play, out(s)",203,118.3,166.18,91.5,84.8,3.33,1.47,-0.53,12.25,-0.034,2.6889999999999996,-2.314,50.0,5.72,6.229,-133.889,-6.2120000000000015,-0.9670000000000001,26.724,-9.687000000000001,23.8,-1.3,2.4,FF,CU|FF|FF,0.903,5.0,182.46,2438.8779999999997,160817_201940
863,534179,2458,TEX201608170,2016,8,17,F,T,F,R,Regular Season,19:05,448674,tex,oak,AL,AL,F,13,Globe Life Park in Arlington,"Arlington, TX",4,0,1,506433,Yu,Darvish,Darvish,R,543760,Marcus,Semien,Semien,R,27,___,___,2,0,0,B,F,2,B,Ball,207,168.38,168.18,70.0,65.1,3.35,1.59,7.58,-9.97,-1.348,2.615,-2.355,50.0,6.249,0.049,-102.641,3.2110000000000003,8.036,17.945999999999994,-42.674,23.8,-10.8,16.4,CU,CU,0.8909999999999999,11.0,37.427,1868.9,160817_202030
864,534180,2459,TEX201608170,2016,8,17,F,T,F,R,Regular Season,19:05,448674,tex,oak,AL,AL,F,13,Globe Life Park in Arlington,"Arlington, TX",4,0,1,506433,Yu,Darvish,Darvish,R,543760,Marcus,Semien,Semien,R,27,___,___,2,1,0,BX,T,2,X,"In play, out(s)",208,128.74,183.92,76.9,71.9,3.46,1.61,10.77,-4.3,-0.308,2.032,-2.647,50.0,5.82,2.092,-112.78299999999999,0.009000000000000001,13.895999999999999,20.221,-37.643,23.9,-20.6,12.6,SL,CU|SL,0.883,7.0,68.517,1920.965,160817_202046
865,534181,2460,TEX201608170,2016,8,17,F,T,F,R,Regular Season,19:05,448674,tex,oak,AL,AL,F,13,Globe Life Park in Arlington,"Arlington, TX",4,0,2,506433,Yu,Darvish,Darvish,R,592387,Ryon,Healy,"Healy, R",R,28,___,___,3,0,0,B,F,3,B,Ball,212,93.9,217.86,92.2,85.7,3.41,1.63,-7.23,10.0,0.606,0.775,-2.095,50.0,5.718,9.714,-134.507,-10.637,-13.392000000000001,26.285,-13.589,23.8,36.6,4.2,FT,FT,0.9009999999999999,14.0,215.775,2470.772,160817_202129
866,534182,2461,TEX201608170,2016,8,17,F,T,F,R,Regular Season,19:05,448674,tex,oak,AL,AL,F,13,Globe Life Park in Arlington,"Arlington, TX",4,0,2,506433,Yu,Darvish,Darvish,R,592387,Ryon,Healy,"Healy, R",R,28,___,___,3,1,0,BS,F,3,S,Called Strike,213,143.45,167.2,91.1,84.4,3.51,1.63,-6.96,5.57,-0.6940000000000001,2.6510000000000002,-2.329,50.0,5.709,6.705,-133.392,-3.904,-12.620999999999999,27.15,-22.006999999999998,23.8,26.4,5.7,FT,FT|FT,0.898,4.0,231.146,1762.655,160817_202155
867,534183,2462,TEX201608170,2016,8,17,F,T,F,R,Regular Season,19:05,448674,tex,oak,AL,AL,F,13,Globe Life Park in Arlington,"Arlington, TX",4,0,2,506433,Yu,Darvish,Darvish,R,592387,Ryon,Healy,"Healy, R",R,28,___,___,3,1,1,BSB,F,3,B,Ball,214,137.66,206.62,91.5,85.8,3.51,1.63,-5.27,7.53,-0.542,1.1909999999999998,-2.355,50.0,5.602,6.653,-133.745,-8.326,-9.724,23.593000000000004,-18.189,23.9,23.7,4.7,FT,FT|FT|FT,0.905,13.0,214.81,1847.6760000000002,160817_202217
868,534184,2463,TEX201608170,2016,8,17,F,T,F,R,Regular Season,19:05,448674,tex,oak,AL,AL,F,13,Globe Life Park in Arlington,"Arlington, TX",4,0,2,506433,Yu,Darvish,Darvish,R,592387,Ryon,Healy,"Healy, R",R,28,___,___,3,2,1,BSBS,F,3,S,Swinging Strike,215,134.5,155.7,91.8,84.9,3.51,1.63,-2.84,11.58,-0.45899999999999996,3.077,-2.479,50.0,5.566,6.358,-134.373,-4.599,-5.233,27.151,-10.773,23.8,18.8,2.7,FF,FT|FT|FT|FF,0.902,1.0,193.739,2378.6710000000007,160817_202237
869,534185,2464,TEX201608170,2016,8,17,F,T,F,R,Regular Season,19:05,448674,tex,oak,AL,AL,F,13,Globe Life Park in Arlington,"Arlington, TX",4,0,2,506433,Yu,Darvish,Darvish,R,592387,Ryon,Healy,"Healy, R",R,28,___,___,3,2,2,BSBSS,T,3,S,Foul Tip,216,102.67,174.9,93.6,86.6,3.51,1.63,-2.0,12.98,0.376,2.366,-2.399,50.0,5.52,8.224,-136.903,-7.2010000000000005,-3.8160000000000003,28.304000000000002,-7.305,23.8,13.7,1.9,FF,FT|FT|FT|FF|FF,0.8959999999999999,6.0,188.722,2666.2509999999997,160817_202303
870,534194,2473,TEX201608170,2016,8,17,F,T,F,R,Regular Season,19:05,448674,tex,oak,AL,AL,F,13,Globe Life Park in Arlington,"Arlington, TX",5,0,0,506433,Yu,Darvish,Darvish,R,519295,Jake,Smolinski,Smolinski,R,33,___,___,0,0,0,B,F,23,B,Ball,243,125.39,215.16,89.9,83.9,3.39,1.54,-8.35,10.79,-0.22,0.875,-2.125,50.0,5.686,7.8039999999999985,-131.30100000000002,-10.052,-14.795,24.049,-12.997,23.9,42.3,4.6,FT,FT,0.894,13.0,217.649,2676.23,160817_203250
871,534195,2474,TEX201608170,2016,8,17,F,T,F,R,Regular Season,19:05,448674,tex,oak,AL,AL,F,13,Globe Life Park in Arlington,"Arlington, TX",5,0,0,506433,Yu,Darvish,Darvish,R,519295,Jake,Smolinski,Smolinski,R,33,___,___,0,1,0,BB,F,23,B,Ball,244,125.35,192.93,88.6,82.8,3.33,1.4,-6.55,10.52,-0.21899999999999997,1.6980000000000002,-2.29,50.0,5.649,7.53,-129.483,-7.471,-11.318,22.506,-13.918,23.9,33.5,4.3,FT,FT|FT,0.922,8.0,211.796,2406.679,160817_203313
872,534196,2475,TEX201608170,2016,8,17,F,T,F,R,Regular Season,19:05,448674,tex,oak,AL,AL,F,13,Globe Life Park in Arlington,"Arlington, TX",5,0,0,506433,Yu,Darvish,Darvish,R,519295,Jake,Smolinski,Smolinski,R,33,___,___,0,2,0,BBX,T,23,X,"In play, run(s)",245,109.87,158.94,91.4,85.8,3.47,1.54,0.39,10.84,0.187,2.957,-2.395,50.0,5.546,6.7479999999999976,-133.748,-4.648,0.721,22.611,-12.01,23.9,-8.1,2.8,FF,FT|FT|FF,0.8320000000000001,2.0,177.954,2188.613,160817_203334
873,534197,2476,TEX201608170,2016,8,17,F,T,F,R,Regular Season,19:05,448674,tex,oak,AL,AL,F,13,Globe Life Park in Arlington,"Arlington, TX",5,0,0,506433,Yu,Darvish,Darvish,R,571970,Max,Muncy,Muncy,L,34,___,___,1,0,0,B,F,2,B,Ball,250,142.81,128.3,90.9,84.2,3.34,1.6,-1.78,11.7,-0.677,4.092,-2.333,50.0,5.77,4.985,-133.265,-2.373,-3.236,26.276,-10.866,23.8,11.3,2.6,FF,FF,0.905,11.0,188.63400000000001,2346.282,160817_203422
874,534198,2477,TEX201608170,2016,8,17,F,T,F,R,Regular Season,19:05,448674,tex,oak,AL,AL,F,13,Globe Life Park in Arlington,"Arlington, TX",5,0,0,506433,Yu,Darvish,Darvish,R,571970,Max,Muncy,Muncy,L,34,___,___,1,1,0,BB,F,2,B,Ball,251,76.79,204.3,90.9,84.1,3.43,1.6,-1.54,12.58,1.055,1.2770000000000001,-2.299,50.0,5.476,9.334,-132.747,-9.214,-2.76,27.046,-9.537,23.8,4.6,2.6,FF,FF|FF,0.904,14.0,186.95,2492.302,160817_203437
875,534199,2478,TEX201608170,2016,8,17,F,T,F,R,Regular Season,19:05,448674,tex,oak,AL,AL,F,13,Globe Life Park in Arlington,"Arlington, TX",5,0,0,506433,Yu,Darvish,Darvish,R,571970,Max,Muncy,Muncy,L,34,___,___,1,2,0,BBX,T,2,X,"In play, out(s)",252,112.16,180.62,91.4,84.1,3.45,1.6,-2.45,11.76,0.127,2.154,-2.376,50.0,5.564,7.447,-133.629,-6.949,-4.4319999999999995,28.616,-10.828,23.8,13.2,2.8,FF,FF|FF|FF,0.902,8.0,191.72799999999998,2366.916,160817_203456
876,534200,2479,TEX201608170,2016,8,17,F,T,F,R,Regular Season,19:05,448674,tex,oak,AL,AL,F,13,Globe Life Park in Arlington,"Arlington, TX",5,0,1,506433,Yu,Darvish,Darvish,R,424825,Coco,Crisp,Crisp,L,35,___,___,2,0,0,S,F,3,S,Called Strike,256,129.85,162.64,69.4,63.7,3.27,1.5,10.08,-11.68,-0.337,2.82,-2.2640000000000002,50.0,6.13,1.239,-101.734,4.496,10.312999999999999,20.387999999999998,-44.055,23.8,-13.6,17.7,CU,CU,0.882,1.0,40.958,2243.561,160817_203545
877,534201,2480,TEX201608170,2016,8,17,F,T,F,R,Regular Season,19:05,448674,tex,oak,AL,AL,F,13,Globe Life Park in Arlington,"Arlington, TX",5,0,1,506433,Yu,Darvish,Darvish,R,424825,Coco,Crisp,Crisp,L,35,___,___,2,0,1,SS,F,3,S,Foul,257,109.61,178.79,88.1,82.2,3.32,1.5,3.63,5.34,0.19399999999999998,2.222,-2.463,50.0,5.6320000000000014,5.5870000000000015,-128.984,-4.224,6.181,24.164,-23.00800000000001,23.9,-16.7,5.9,FC,CU|FC,0.9,5.0,146.00799999999995,1243.478,160817_203605
878,534202,2481,TEX201608170,2016,8,17,F,T,F,R,Regular Season,19:05,448674,tex,oak,AL,AL,F,13,Globe Life Park in Arlington,"Arlington, TX",5,0,1,506433,Yu,Darvish,Darvish,R,424825,Coco,Crisp,Crisp,L,35,___,___,2,0,2,SSB,F,3,B,Ball,258,81.25,210.38,80.1,74.0,3.18,1.5,13.73,-1.85,0.938,1.052,-2.589,50.0,5.5520000000000005,4.024,-117.34299999999999,-2.833,18.848,25.410999999999998,-34.643,23.8,-29.0,11.9,SL,CU|FC|SL,0.9129999999999999,14.0,82.537,2350.2,160817_203638
879,534203,2482,TEX201608170,2016,8,17,F,T,F,R,Regular Season,19:05,448674,tex,oak,AL,AL,F,13,Globe Life Park in Arlington,"Arlington, TX",5,0,1,506433,Yu,Darvish,Darvish,R,424825,Coco,Crisp,Crisp,L,35,___,___,2,1,2,SSBS,T,3,S,Called Strike,259,127.63,194.69,94.4,87.1,3.27,1.5,-1.92,11.75,-0.27899999999999997,1.633,-2.42,50.0,5.415,6.52,-137.971,-8.596,-3.7110000000000003,29.826,-9.382,23.8,11.8,2.4,FF,CU|FC|SL|FF,0.898,7.0,189.24599999999998,2428.167,160817_203703
880,534204,2483,TEX201608170,2016,8,17,F,T,F,R,Regular Season,19:05,448674,tex,oak,AL,AL,F,13,Globe Life Park in Arlington,"Arlington, TX",5,0,2,506433,Yu,Darvish,Darvish,R,502143,Danny,Valencia,Valencia,R,36,___,___,3,0,0,S,F,3,S,Called Strike,263,171.58,186.16,93.1,86.4,3.43,1.45,-6.67,8.08,-1.432,1.949,-2.395,50.0,5.564,4.9430000000000005,-136.325,-6.654,-12.655999999999999,27.706,-16.776,23.8,32.9,4.6,FT,FT,0.9009999999999999,13.0,219.417,2121.149,160817_203742
881,534205,2484,TEX201608170,2016,8,17,F,T,F,R,Regular Season,19:05,448674,tex,oak,AL,AL,F,13,Globe Life Park in Arlington,"Arlington, TX",5,0,2,506433,Yu,Darvish,Darvish,R,502143,Danny,Valencia,Valencia,R,36,___,___,3,0,1,SS,F,3,S,Called Strike,264,110.29,192.12,94.3,86.1,3.55,1.64,0.08,12.39,0.17600000000000002,1.7280000000000002,-2.319,50.0,5.516,6.735,-137.842,-8.706,0.155,33.181999999999995,-8.482000000000001,23.7,-9.3,2.3,FF,FT|FF,0.895,8.0,179.627,2493.6279999999997,160817_203805
882,534206,2485,TEX201608170,2016,8,17,F,T,F,R,Regular Season,19:05,448674,tex,oak,AL,AL,F,13,Globe Life Park in Arlington,"Arlington, TX",5,0,2,506433,Yu,Darvish,Darvish,R,502143,Danny,Valencia,Valencia,R,36,___,___,3,0,2,SSB,F,3,B,Ball,265,93.79,0.0,89.3,82.2,3.44,1.64,-8.32,10.72,0.609,-1.104,-2.088,50.0,5.322,9.674,-129.95,-13.755999999999998,-14.17,28.271,-13.84,23.8,36.1,4.9,FT,FT|FF|FT,0.883,14.0,217.699,2586.917,160817_203832
883,534207,2486,TEX201608170,2016,8,17,F,T,F,R,Regular Season,19:05,448674,tex,oak,AL,AL,F,13,Globe Life Park in Arlington,"Arlington, TX",5,0,2,506433,Yu,Darvish,Darvish,R,502143,Danny,Valencia,Valencia,R,36,___,___,3,1,2,SSBS,T,3,S,Swinging Strike,266,116.96,138.04,95.2,87.4,3.59,1.64,0.15,11.58,0.001,3.7310000000000003,-2.3209999999999997,50.0,5.681,6.334,-139.442,-3.6689999999999996,0.3,31.765,-9.337,23.8,-9.6,2.1,FF,FT|FF|FT|FF,0.8909999999999999,12.0,179.24900000000005,2376.212,160817_203904
884,534227,2506,TEX201608170,2016,8,17,F,T,F,R,Regular Season,19:05,448674,tex,oak,AL,AL,F,13,Globe Life Park in Arlington,"Arlington, TX",6,0,0,506433,Yu,Darvish,Darvish,R,519390,Stephen,Vogt,Vogt,L,42,___,___,1,0,0,B,F,2,B,Ball,318,154.39,148.25,68.5,63.2,3.27,1.46,9.15,-9.46,-0.981,3.353,-2.296,50.0,6.184,0.251,-100.271,4.9860000000000015,9.216000000000001,17.915,-41.626999999999995,23.8,-12.7,16.9,CU,CU,0.8959999999999999,11.0,44.272,1910.152,160817_205459
885,534228,2507,TEX201608170,2016,8,17,F,T,F,R,Regular Season,19:05,448674,tex,oak,AL,AL,F,13,Globe Life Park in Arlington,"Arlington, TX",6,0,0,506433,Yu,Darvish,Darvish,R,519390,Stephen,Vogt,Vogt,L,42,___,___,1,1,0,BB,F,2,B,Ball,319,169.79,154.24,85.2,79.3,3.34,1.49,-6.18,7.65,-1.385,3.1310000000000002,-2.44,50.0,5.7520000000000024,4.606,-124.896,-2.48,-9.872,22.495,-19.881,23.9,24.1,5.6,FS,CU|FS,0.9009999999999999,11.0,218.765,1831.394,160817_205517
886,534229,2508,TEX201608170,2016,8,17,F,T,F,R,Regular Season,19:05,448674,tex,oak,AL,AL,F,13,Globe Life Park in Arlington,"Arlington, TX",6,0,0,506433,Yu,Darvish,Darvish,R,519390,Stephen,Vogt,Vogt,L,42,___,___,1,2,0,BBB,F,2,B,Ball,320,103.32,196.93,90.5,84.2,3.14,1.37,-7.17,7.8,0.359,1.55,-2.176,50.0,5.525,9.093,-132.19,-6.962999999999999,-12.835999999999999,25.178,-18.139,23.9,29.9,5.1,FT,CU|FS|FT,0.898,9.0,222.44400000000002,2087.394,160817_205534
887,534230,2509,TEX201608170,2016,8,17,F,T,F,R,Regular Season,19:05,448674,tex,oak,AL,AL,F,13,Globe Life Park in Arlington,"Arlington, TX",6,0,0,506433,Yu,Darvish,Darvish,R,519390,Stephen,Vogt,Vogt,L,42,___,___,1,3,0,BBBS,F,2,S,Called Strike,321,96.99,187.78,90.0,83.4,3.2,1.38,-3.05,13.43,0.525,1.889,-2.318,50.0,5.481,8.443999999999999,-131.563,-7.756,-5.395,25.79,-8.363,23.8,21.0,2.4,FF,CU|FS|FT|FF,0.905,9.0,192.765,2692.26,160817_205553
888,534231,2510,TEX201608170,2016,8,17,F,T,F,R,Regular Season,19:05,448674,tex,oak,AL,AL,F,13,Globe Life Park in Arlington,"Arlington, TX",6,0,0,506433,Yu,Darvish,Darvish,R,519390,Stephen,Vogt,Vogt,L,42,___,___,1,3,1,BBBSX,T,2,X,"In play, out(s)",322,113.15,192.75,91.5,84.7,3.34,1.49,-1.95,13.58,0.10099999999999999,1.705,-2.376,50.0,5.47,7.226,-133.719,-8.579,-3.5469999999999997,26.962,-7.349,23.8,13.2,2.1,FF,CU|FS|FT|FF|FF,0.9,8.0,188.13,2720.738,160817_205610
889,534232,2511,TEX201608170,2016,8,17,F,T,F,R,Regular Season,19:05,448674,tex,oak,AL,AL,F,13,Globe Life Park in Arlington,"Arlington, TX",6,0,1,506433,Yu,Darvish,Darvish,R,501981,Khris,Davis,"Davis, K",R,43,___,___,2,0,0,S,F,2,S,Called Strike,326,152.64,174.82,93.0,85.9,3.57,1.61,-1.18,12.4,-0.935,2.369,-2.454,50.0,5.568,4.505,-136.214,-7.004,-2.222,28.676,-8.7,23.8,7.3,2.2,FF,FF,0.897,13.0,185.40599999999998,2511.335,160817_205658
890,534233,2512,TEX201608170,2016,8,17,F,T,F,R,Regular Season,19:05,448674,tex,oak,AL,AL,F,13,Globe Life Park in Arlington,"Arlington, TX",6,0,1,506433,Yu,Darvish,Darvish,R,501981,Khris,Davis,"Davis, K",R,43,___,___,2,0,1,SS,F,2,S,Swinging Strike,327,139.91,142.47,93.4,86.7,3.57,1.61,-0.38,11.14,-0.601,3.5669999999999997,-2.3890000000000002,50.0,5.587999999999999,4.989,-136.91,-3.5039999999999996,-0.7340000000000001,27.463,-10.747,23.8,-1.2,2.4,FF,FF|FF,0.895,1.0,181.96,2271.868,160817_205721
891,534234,2513,TEX201608170,2016,8,17,F,T,F,R,Regular Season,19:05,448674,tex,oak,AL,AL,F,13,Globe Life Park in Arlington,"Arlington, TX",6,0,1,506433,Yu,Darvish,Darvish,R,501981,Khris,Davis,"Davis, K",R,43,___,___,2,0,2,SSX,T,2,X,"In play, out(s)",328,118.37,194.39,82.6,77.4,3.57,1.61,7.35,-0.21,-0.036000000000000004,1.6440000000000001,-2.659,50.0,5.465,3.997,-120.986,-2.4090000000000003,11.01,21.340999999999998,-32.409,23.9,-19.5,9.4,SL,FF|FF|SL,0.871,8.0,88.777,1320.545,160817_205748
892,534235,2514,TEX201608170,2016,8,17,F,T,F,R,Regular Season,19:05,448674,tex,oak,AL,AL,F,13,Globe Life Park in Arlington,"Arlington, TX",6,0,2,506433,Yu,Darvish,Darvish,R,475174,Yonder,Alonso,Alonso,L,44,___,___,3,0,0,S,F,3,S,Called Strike,332,129.77,183.19,79.1,72.9,3.33,1.47,12.07,-3.61,-0.335,2.059,-2.637,50.0,5.676,1.681,-115.943,-0.12,16.211,24.289,-36.946999999999996,23.8,-24.0,12.2,SL,SL,0.912,7.0,73.594,2114.56,160817_205903
893,534236,2515,TEX201608170,2016,8,17,F,T,F,R,Regular Season,19:05,448674,tex,oak,AL,AL,F,13,Globe Life Park in Arlington,"Arlington, TX",6,0,2,506433,Yu,Darvish,Darvish,R,475174,Yonder,Alonso,Alonso,L,44,___,___,3,0,1,SS,F,3,S,Called Strike,333,106.75,189.15,94.0,87.2,3.33,1.47,-3.72,12.14,0.26899999999999996,1.838,-2.2430000000000003,50.0,5.544,8.158,-137.339,-8.498,-7.1739999999999995,27.549,-8.673,23.8,28.3,2.5,FF,SL|FF,0.91,9.0,196.97400000000002,2595.623,160817_205925
894,534237,2516,TEX201608170,2016,8,17,F,T,F,R,Regular Season,19:05,448674,tex,oak,AL,AL,F,13,Globe Life Park in Arlington,"Arlington, TX",6,0,2,506433,Yu,Darvish,Darvish,R,475174,Yonder,Alonso,Alonso,L,44,___,___,3,0,2,SSS,T,3,S,Swinging Strike,334,115.82,201.55,67.0,62.5,3.33,1.47,8.51,-8.52,0.031,1.379,-2.094,50.0,5.905,1.974,-98.20700000000001,1.706,8.228,16.929000000000002,-40.347,23.9,-11.9,17.2,CU,SL|FF|CU,0.904,14.0,45.191,1713.237,160817_205947
895,534256,2535,TEX201608170,2016,8,17,F,T,F,R,Regular Season,19:05,448674,tex,oak,AL,AL,F,13,Globe Life Park in Arlington,"Arlington, TX",7,0,0,506433,Yu,Darvish,Darvish,R,543760,Marcus,Semien,Semien,R,49,___,1__,0,0,0,S,F,20,S,Called Strike,375,1.0,1.0,88.2,83.3,3.41,1.61,-5.69,6.29,-0.436,2.949,-2.258,50.0,5.8329999999999975,6.619,-129.211,-3.346,-9.894,19.715,-21.163,23.9,22.4,5.4,FS,FS,0.797,1.0,221.94,1662.099,160817_211203
896,534257,2536,TEX201608170,2016,8,17,F,T,F,R,Regular Season,19:05,448674,tex,oak,AL,AL,F,13,Globe Life Park in Arlington,"Arlington, TX",7,0,0,506433,Yu,Darvish,Darvish,R,543760,Marcus,Semien,Semien,R,49,___,1__,0,0,1,SX,T,20,X,"In play, no out",376,133.62,159.16,80.0,74.9,3.46,1.61,11.89,-1.24,0.505,2.024,-2.66,50.0,5.7120000000000015,3.7569999999999997,-117.208,-1.26,16.635,20.951999999999998,-33.838,23.9,-26.7,11.0,SL,FS|SL,0.9079999999999999,9.0,84.288,2069.33,160817_211220
897,534258,2537,TEX201608170,2016,8,17,F,T,F,R,Regular Season,19:05,448674,tex,oak,AL,AL,F,13,Globe Life Park in Arlington,"Arlington, TX",7,0,0,506433,Yu,Darvish,Darvish,R,592387,Ryon,Healy,"Healy, R",R,50,1__,12_,0,0,0,S,F,20,S,Called Strike,380,130.2727479457869,125.22343546284228,92.7,86.3,3.4,1.59,-0.67,11.19,-0.2,3.17,-2.246,50.0,5.615,5.7479999999999976,-135.752,-4.564,-1.263,25.853,-10.934000000000001,23.9,0.9,2.5,FF,FF,0.899,2.0,183.40099999999998,2273.929,160817_211310
898,534259,2538,TEX201608170,2016,8,17,F,T,F,R,Regular Season,19:05,448674,tex,oak,AL,AL,F,13,Globe Life Park in Arlington,"Arlington, TX",7,0,0,506433,Yu,Darvish,Darvish,R,592387,Ryon,Healy,"Healy, R",R,50,1__,12_,0,0,1,SX,T,20,X,"In play, no out",381,176.73,159.35,91.1,85.2,3.51,1.63,-6.01,6.08,-1.567,2.9419999999999997,-2.345,50.0,5.612,4.143,-133.452,-3.137,-11.032,24.005,-20.951999999999998,23.9,25.6,5.3,FT,FF|FT,0.899,11.0,224.51,1710.7479999999994,160817_211332
899,534260,2539,TEX201608170,2016,8,17,F,T,F,R,Regular Season,19:05,448674,tex,oak,AL,AL,F,13,Globe Life Park in Arlington,"Arlington, TX",7,0,0,506433,Yu,Darvish,Darvish,R,519295,Jake,Smolinski,Smolinski,R,51,12_,1_3,1,0,0,X,T,2,X,"In play, out(s)",386,105.07,187.08,90.1,84.1,3.47,1.54,-8.2,6.84,0.313,1.915,-2.262,50.0,5.472,9.538,-131.76,-5.511,-14.644,23.95,-19.895,23.9,31.9,5.6,FT,FT,0.8909999999999999,9.0,230.019,2104.245,160817_211439
900,534261,2540,TEX201608170,2016,8,17,F,T,F,R,Regular Season,19:05,448674,tex,oak,AL,AL,F,13,Globe Life Park in Arlington,"Arlington, TX",7,0,1,506433,Yu,Darvish,Darvish,R,571970,Max,Muncy,Muncy,L,52,___,___,2,0,0,S,F,3,S,Called Strike,392,111.7,177.49,88.1,82.2,3.33,1.49,7.23,3.26,0.139,2.27,-2.489,50.0,5.629,4.317,-129.072,-3.403,12.305,24.579,-26.549,23.9,-25.6,7.2,FC,FC,0.8590000000000001,5.0,114.56700000000001,1520.755,160817_211558
901,534262,2541,TEX201608170,2016,8,17,F,T,F,R,Regular Season,19:05,448674,tex,oak,AL,AL,F,13,Globe Life Park in Arlington,"Arlington, TX",7,0,1,506433,Yu,Darvish,Darvish,R,571970,Max,Muncy,Muncy,L,52,___,___,2,0,1,SS,F,3,S,Swinging Strike,393,127.67,180.57,88.3,83.1,3.45,1.6,5.45,2.02,-0.28,2.156,-2.517,50.0,5.612,3.928,-129.36700000000002,-3.3369999999999997,9.415,22.226,-28.615,23.9,-18.9,7.2,FC,FC|FC,0.8690000000000001,7.0,110.708,1128.761,160817_211621
902,534263,2542,TEX201608170,2016,8,17,F,T,F,R,Regular Season,19:05,448674,tex,oak,AL,AL,F,13,Globe Life Park in Arlington,"Arlington, TX",7,0,1,506433,Yu,Darvish,Darvish,R,571970,Max,Muncy,Muncy,L,52,___,___,2,0,2,SSB,F,3,B,Ball,394,62.03,210.03,90.5,85.4,3.32,1.6,3.72,0.59,1.442,1.065,-2.4290000000000003,50.0,5.479,8.913,-132.273,-5.727,6.728,22.961,-31.031,23.9,-14.1,7.4,FC,FC|FC|FC,0.895,14.0,99.64200000000001,748.5060000000003,160817_211649
903,534264,2543,TEX201608170,2016,8,17,F,T,F,R,Regular Season,19:05,448674,tex,oak,AL,AL,F,13,Globe Life Park in Arlington,"Arlington, TX",7,0,1,506433,Yu,Darvish,Darvish,R,571970,Max,Muncy,Muncy,L,52,___,___,2,1,2,SSBS,T,3,S,Swinging Strike,395,102.1,202.01,90.0,85.3,3.45,1.6,3.59,0.89,0.391,1.3619999999999999,-2.468,50.0,5.5420000000000025,6.285,-131.813,-5.185,6.472,21.596,-30.505,24.0,-13.2,7.2,FC,FC|FC|FC|FC,0.895,14.0,104.461,735.637,160817_211716
904,534265,2544,TEX201608170,2016,8,17,F,T,F,R,Regular Season,19:05,448674,tex,oak,AL,AL,F,13,Globe Life Park in Arlington,"Arlington, TX",7,0,2,506433,Yu,Darvish,Darvish,R,424825,Coco,Crisp,Crisp,L,53,1_3,___,3,0,0,S,F,3,S,Swinging Strike,399,109.34,199.12,73.5,68.6,3.32,1.5,8.37,-7.56,0.201,1.469,-2.198,50.0,5.742000000000001,2.7889999999999997,-107.794,0.568,9.796,19.655,-40.946,23.9,-14.0,14.6,CU,CU,0.735,14.0,48.15600000000001,1769.771,160817_211801
905,534266,2545,TEX201608170,2016,8,17,F,T,F,R,Regular Season,19:05,448674,tex,oak,AL,AL,F,13,Globe Life Park in Arlington,"Arlington, TX",7,0,2,506433,Yu,Darvish,Darvish,R,424825,Coco,Crisp,Crisp,L,53,1_3,___,3,0,1,SB,F,3,B,Ball,400,90.58,206.54,91.0,86.1,3.28,1.5,5.65,2.54,0.693,1.194,-2.535,50.0,5.442,6.6129999999999995,-133.149,-6.106,10.376,22.34,-27.432,24.0,-21.7,6.7,FC,CU|FC,0.898,14.0,114.56200000000001,1243.0339999999999,160817_211829
906,534267,2546,TEX201608170,2016,8,17,F,T,F,R,Regular Season,19:05,448674,tex,oak,AL,AL,F,13,Globe Life Park in Arlington,"Arlington, TX",7,0,2,506433,Yu,Darvish,Darvish,R,424825,Coco,Crisp,Crisp,L,53,1_3,___,3,1,1,SBS,F,3,S,Foul,401,131.9,146.55,95.5,88.7,3.32,1.5,0.13,9.76,-0.391,3.4160000000000004,-2.56,50.0,5.518,5.972,-139.938,-3.5789999999999997,0.26899999999999996,28.267,-12.532,23.8,-6.2,2.7,FF,CU|FC|FF,0.892,11.0,179.217,2036.54,160817_211912
907,534268,2547,TEX201608170,2016,8,17,F,T,F,R,Regular Season,19:05,448674,tex,oak,AL,AL,F,13,Globe Life Park in Arlington,"Arlington, TX",7,0,2,506433,Yu,Darvish,Darvish,R,424825,Coco,Crisp,Crisp,L,53,1_3,___,3,1,2,SBSB,F,3,B,Ball In Dirt,402,41.68,224.25,91.1,86.3,3.32,1.5,4.68,4.21,1.976,0.5379999999999999,-2.45,50.0,5.4170000000000025,10.119,-132.91,-8.337,8.574,21.808000000000003,-24.377,24.0,-21.2,6.1,FC,CU|FC|FF|FC,0.909,14.0,132.284,1265.008,160817_211951
908,534269,2548,TEX201608170,2016,8,17,F,T,F,R,Regular Season,19:05,448674,tex,oak,AL,AL,F,13,Globe Life Park in Arlington,"Arlington, TX",7,0,2,506433,Yu,Darvish,Darvish,R,424825,Coco,Crisp,Crisp,L,53,1_3,___,3,2,2,SBSBB,F,3,B,Ball,403,217.82,131.37,68.0,62.6,3.23,1.5,8.55,-11.25,-2.645,3.978,-2.55,50.0,6.0310000000000015,-2.356,-99.50200000000001,7.0420000000000025,8.492,17.421,-43.265,23.8,-10.9,17.5,CU,CU|FC|FF|FC|CU,0.9,11.0,37.439,2036.6960000000001,160817_212051
909,534270,2549,TEX201608170,2016,8,17,F,T,F,R,Regular Season,19:05,448674,tex,oak,AL,AL,F,13,Globe Life Park in Arlington,"Arlington, TX",7,0,2,506433,Yu,Darvish,Darvish,R,424825,Coco,Crisp,Crisp,L,53,1_3,___,3,3,2,SBSBBS,T,3,S,Swinging Strike,404,164.57,160.67,94.7,88.2,3.32,1.5,0.02,9.93,-1.248,2.8930000000000002,-2.605,50.0,5.41,3.73,-138.77100000000002,-4.677,0.048,26.855999999999998,-12.455,23.9,-3.2,2.7,FF,CU|FC|FF|FC|CU|FF,0.8959999999999999,11.0,179.862,2061.53,160817_212121
910,534298,2577,TEX201608170,2016,8,17,F,T,F,R,Regular Season,19:05,448674,tex,oak,AL,AL,F,13,Globe Life Park in Arlington,"Arlington, TX",8,0,0,506433,Yu,Darvish,Darvish,R,502143,Danny,Valencia,Valencia,R,62,___,_2_,0,0,0,B,F,21,B,Ball,492,138.08,130.0,87.5,81.9,3.51,1.64,0.28,8.43,-0.5529999999999999,4.029,-2.43,50.0,5.847,4.697,-128.188,-1.15,0.473,21.69400000000001,-17.795,23.9,-3.9,4.3,FC,FC,0.767,11.0,178.118,1628.24,160817_214538
911,534299,2578,TEX201608170,2016,8,17,F,T,F,R,Regular Season,19:05,448674,tex,oak,AL,AL,F,13,Globe Life Park in Arlington,"Arlington, TX",8,0,0,506433,Yu,Darvish,Darvish,R,502143,Danny,Valencia,Valencia,R,62,___,_2_,0,1,0,BX,T,21,X,"In play, no out",493,141.78,169.01,89.3,82.9,3.59,1.64,1.38,10.07,-0.65,2.5839999999999996,-2.524,50.0,5.471,4.393,-130.813,-4.689,2.412,25.32,-14.49,23.8,-11.8,3.6,FF,FC|FF,0.638,4.0,172.235,1979.404,160817_214601
